priority,brand,model,variant,keyword_type,keyword
1,Samsung,Galaxy F05,4GB/64GB,model,Samsung Galaxy F05
1,Samsung,Galaxy F05,4GB/64GB,price,Samsung Galaxy F05 price
1,Samsung,Galaxy F05,4GB/64GB,buy,Samsung Galaxy F05 buy
1,Samsung,Galaxy F05,4GB/64GB,variant,Samsung Galaxy F05 4GB/64GB
2,Infinix,Smart 8 HD,3GB/64GB,model,Infinix Smart 8 HD
2,Infinix,Smart 8 HD,3GB/64GB,price,Infinix Smart 8 HD price
2,Infinix,Smart 8 HD,3GB/64GB,buy,Infinix Smart 8 HD buy
2,Infinix,Smart 8 HD,3GB/64GB,variant,Infinix Smart 8 HD 3GB/64GB
3,Samsung,Galaxy M04,4GB/64GB,model,Samsung Galaxy M04
3,Samsung,Galaxy M04,4GB/64GB,price,Samsung Galaxy M04 price
3,Samsung,Galaxy M04,4GB/64GB,buy,Samsung Galaxy M04 buy
3,Samsung,Galaxy M04,4GB/64GB,variant,Samsung Galaxy M04 4GB/64GB
4,realme,C61 6GB RAM,6GB/128GB,model,realme C61 6GB RAM
4,realme,C61 6GB RAM,6GB/128GB,price,realme C61 6GB RAM price
4,realme,C61 6GB RAM,6GB/128GB,buy,realme C61 6GB RAM buy
4,realme,C61 6GB RAM,6GB/128GB,variant,realme C61 6GB RAM 6GB/128GB
5,Samsung,Galaxy M04 128GB,4GB/128GB,model,Samsung Galaxy M04 128GB
5,Samsung,Galaxy M04 128GB,4GB/128GB,price,Samsung Galaxy M04 128GB price
5,Samsung,Galaxy M04 128GB,4GB/128GB,buy,Samsung Galaxy M04 128GB buy
5,Samsung,Galaxy M04 128GB,4GB/128GB,variant,Samsung Galaxy M04 128GB 4GB/128GB
6,Infinix,Smart 8 128GB,8GB/128GB,model,Infinix Smart 8 128GB
6,Infinix,Smart 8 128GB,8GB/128GB,price,Infinix Smart 8 128GB price
6,Infinix,Smart 8 128GB,8GB/128GB,buy,Infinix Smart 8 128GB buy
6,Infinix,Smart 8 128GB,8GB/128GB,variant,Infinix Smart 8 128GB 8GB/128GB
7,Lava,Yuva 5G 128GB,4GB/128GB,model,Lava Yuva 5G 128GB
7,Lava,Yuva 5G 128GB,4GB/128GB,price,Lava Yuva 5G 128GB price
7,Lava,Yuva 5G 128GB,4GB/128GB,buy,Lava Yuva 5G 128GB buy
7,Lava,Yuva 5G 128GB,4GB/128GB,variant,Lava Yuva 5G 128GB 4GB/128GB
8,Samsung,Galaxy M14 4G,4GB/64GB,model,Samsung Galaxy M14 4G
8,Samsung,Galaxy M14 4G,4GB/64GB,price,Samsung Galaxy M14 4G price
8,Samsung,Galaxy M14 4G,4GB/64GB,buy,Samsung Galaxy M14 4G buy
8,Samsung,Galaxy M14 4G,4GB/64GB,variant,Samsung Galaxy M14 4G 4GB/64GB
9,Samsung,Galaxy F22,4GB/64GB,model,Samsung Galaxy F22
9,Samsung,Galaxy F22,4GB/64GB,price,Samsung Galaxy F22 price
9,Samsung,Galaxy F22,4GB/64GB,buy,Samsung Galaxy F22 buy
9,Samsung,Galaxy F22,4GB/64GB,variant,Samsung Galaxy F22 4GB/64GB
10,Infinix,Hot 30i,8GB/128GB,model,Infinix Hot 30i
10,Infinix,Hot 30i,8GB/128GB,price,Infinix Hot 30i price
10,Infinix,Hot 30i,8GB/128GB,buy,Infinix Hot 30i buy
10,Infinix,Hot 30i,8GB/128GB,variant,Infinix Hot 30i 8GB/128GB
11,Infinix,Hot 11,4GB/64GB,model,Infinix Hot 11
11,Infinix,Hot 11,4GB/64GB,price,Infinix Hot 11 price
11,Infinix,Hot 11,4GB/64GB,buy,Infinix Hot 11 buy
11,Infinix,Hot 11,4GB/64GB,variant,Infinix Hot 11 4GB/64GB
12,Infinix,Hot 50 5G,4GB/128GB,model,Infinix Hot 50 5G
12,Infinix,Hot 50 5G,4GB/128GB,price,Infinix Hot 50 5G price
12,Infinix,Hot 50 5G,4GB/128GB,buy,Infinix Hot 50 5G buy
12,Infinix,Hot 50 5G,4GB/128GB,variant,Infinix Hot 50 5G 4GB/128GB
13,Apple,iPhone 13,4GB/128GB,model,Apple iPhone 13
13,Apple,iPhone 13,4GB/128GB,price,Apple iPhone 13 price
13,Apple,iPhone 13,4GB/128GB,buy,Apple iPhone 13 buy
13,Apple,iPhone 13,4GB/128GB,variant,Apple iPhone 13 4GB/128GB
14,Apple,iPhone 11,4GB/64GB,model,Apple iPhone 11
14,Apple,iPhone 11,4GB/64GB,price,Apple iPhone 11 price
14,Apple,iPhone 11,4GB/64GB,buy,Apple iPhone 11 buy
14,Apple,iPhone 11,4GB/64GB,variant,Apple iPhone 11 4GB/64GB
15,Apple,iPhone SE 2022 (iPhone SE 3),4GB/64GB,model,Apple iPhone SE 2022 (iPhone SE 3)
15,Apple,iPhone SE 2022 (iPhone SE 3),4GB/64GB,price,Apple iPhone SE 2022 (iPhone SE 3) price
15,Apple,iPhone SE 2022 (iPhone SE 3),4GB/64GB,buy,Apple iPhone SE 2022 (iPhone SE 3) buy
15,Apple,iPhone SE 2022 (iPhone SE 3),4GB/64GB,variant,Apple iPhone SE 2022 (iPhone SE 3) 4GB/64GB
16,Apple,iPhone 15,6GB/128GB,model,Apple iPhone 15
16,Apple,iPhone 15,6GB/128GB,price,Apple iPhone 15 price
16,Apple,iPhone 15,6GB/128GB,buy,Apple iPhone 15 buy
16,Apple,iPhone 15,6GB/128GB,variant,Apple iPhone 15 6GB/128GB
17,Apple,iPhone 16E (iPhone SE 4),8GB/128GB,model,Apple iPhone 16E (iPhone SE 4)
17,Apple,iPhone 16E (iPhone SE 4),8GB/128GB,price,Apple iPhone 16E (iPhone SE 4) price
17,Apple,iPhone 16E (iPhone SE 4),8GB/128GB,buy,Apple iPhone 16E (iPhone SE 4) buy
17,Apple,iPhone 16E (iPhone SE 4),8GB/128GB,variant,Apple iPhone 16E (iPhone SE 4) 8GB/128GB
18,Apple,iPhone 17e,8GB/256GB,model,Apple iPhone 17e
18,Apple,iPhone 17e,8GB/256GB,price,Apple iPhone 17e price
18,Apple,iPhone 17e,8GB/256GB,buy,Apple iPhone 17e buy
18,Apple,iPhone 17e,8GB/256GB,variant,Apple iPhone 17e 8GB/256GB
19,Apple,iPhone 15 Plus 256GB,6GB/256GB,model,Apple iPhone 15 Plus 256GB
19,Apple,iPhone 15 Plus 256GB,6GB/256GB,price,Apple iPhone 15 Plus 256GB price
19,Apple,iPhone 15 Plus 256GB,6GB/256GB,buy,Apple iPhone 15 Plus 256GB buy
19,Apple,iPhone 15 Plus 256GB,6GB/256GB,variant,Apple iPhone 15 Plus 256GB 6GB/256GB
20,Apple,iPhone 16,8GB/128GB,model,Apple iPhone 16
20,Apple,iPhone 16,8GB/128GB,price,Apple iPhone 16 price
20,Apple,iPhone 16,8GB/128GB,buy,Apple iPhone 16 buy
20,Apple,iPhone 16,8GB/128GB,variant,Apple iPhone 16 8GB/128GB
21,Apple,iPhone 15 256GB,6GB/256GB,model,Apple iPhone 15 256GB
21,Apple,iPhone 15 256GB,6GB/256GB,price,Apple iPhone 15 256GB price
21,Apple,iPhone 15 256GB,6GB/256GB,buy,Apple iPhone 15 256GB buy
21,Apple,iPhone 15 256GB,6GB/256GB,variant,Apple iPhone 15 256GB 6GB/256GB
22,Apple,iPhone 15 Plus,6GB/128GB,model,Apple iPhone 15 Plus
22,Apple,iPhone 15 Plus,6GB/128GB,price,Apple iPhone 15 Plus price
22,Apple,iPhone 15 Plus,6GB/128GB,buy,Apple iPhone 15 Plus buy
22,Apple,iPhone 15 Plus,6GB/128GB,variant,Apple iPhone 15 Plus 6GB/128GB
23,Apple,iPhone 16E 256GB,8GB/256GB,model,Apple iPhone 16E 256GB
23,Apple,iPhone 16E 256GB,8GB/256GB,price,Apple iPhone 16E 256GB price
23,Apple,iPhone 16E 256GB,8GB/256GB,buy,Apple iPhone 16E 256GB buy
23,Apple,iPhone 16E 256GB,8GB/256GB,variant,Apple iPhone 16E 256GB 8GB/256GB
24,Apple,iPhone 15 512GB,6GB/512GB,model,Apple iPhone 15 512GB
24,Apple,iPhone 15 512GB,6GB/512GB,price,Apple iPhone 15 512GB price
24,Apple,iPhone 15 512GB,6GB/512GB,buy,Apple iPhone 15 512GB buy
24,Apple,iPhone 15 512GB,6GB/512GB,variant,Apple iPhone 15 512GB 6GB/512GB
25,Apple,iPhone 16 Plus,8GB/128GB,model,Apple iPhone 16 Plus
25,Apple,iPhone 16 Plus,8GB/128GB,price,Apple iPhone 16 Plus price
25,Apple,iPhone 16 Plus,8GB/128GB,buy,Apple iPhone 16 Plus buy
25,Apple,iPhone 16 Plus,8GB/128GB,variant,Apple iPhone 16 Plus 8GB/128GB
26,Apple,iPhone 17,8GB/256GB,model,Apple iPhone 17
26,Apple,iPhone 17,8GB/256GB,price,Apple iPhone 17 price
26,Apple,iPhone 17,8GB/256GB,buy,Apple iPhone 17 buy
26,Apple,iPhone 17,8GB/256GB,variant,Apple iPhone 17 8GB/256GB
27,Apple,iPhone 17e 512GB,8GB/512GB,model,Apple iPhone 17e 512GB
27,Apple,iPhone 17e 512GB,8GB/512GB,price,Apple iPhone 17e 512GB price
27,Apple,iPhone 17e 512GB,8GB/512GB,buy,Apple iPhone 17e 512GB buy
27,Apple,iPhone 17e 512GB,8GB/512GB,variant,Apple iPhone 17e 512GB 8GB/512GB
28,Apple,iPhone Air,8GB/256GB,model,Apple iPhone Air
28,Apple,iPhone Air,8GB/256GB,price,Apple iPhone Air price
28,Apple,iPhone Air,8GB/256GB,buy,Apple iPhone Air buy
28,Apple,iPhone Air,8GB/256GB,variant,Apple iPhone Air 8GB/256GB
29,Apple,iPhone 17 Pro,12GB/256GB,model,Apple iPhone 17 Pro
29,Apple,iPhone 17 Pro,12GB/256GB,price,Apple iPhone 17 Pro price
29,Apple,iPhone 17 Pro,12GB/256GB,buy,Apple iPhone 17 Pro buy
29,Apple,iPhone 17 Pro,12GB/256GB,variant,Apple iPhone 17 Pro 12GB/256GB
30,Apple,iPhone 16 Pro Max,8GB/256GB,model,Apple iPhone 16 Pro Max
30,Apple,iPhone 16 Pro Max,8GB/256GB,price,Apple iPhone 16 Pro Max price
30,Apple,iPhone 16 Pro Max,8GB/256GB,buy,Apple iPhone 16 Pro Max buy
30,Apple,iPhone 16 Pro Max,8GB/256GB,variant,Apple iPhone 16 Pro Max 8GB/256GB
31,Apple,iPhone 17 Pro Max,12GB/256GB,model,Apple iPhone 17 Pro Max
31,Apple,iPhone 17 Pro Max,12GB/256GB,price,Apple iPhone 17 Pro Max price
31,Apple,iPhone 17 Pro Max,12GB/256GB,buy,Apple iPhone 17 Pro Max buy
31,Apple,iPhone 17 Pro Max,12GB/256GB,variant,Apple iPhone 17 Pro Max 12GB/256GB
32,OPPO,A3X 128GB,4GB/128GB,model,OPPO A3X 128GB
32,OPPO,A3X 128GB,4GB/128GB,price,OPPO A3X 128GB price
32,OPPO,A3X 128GB,4GB/128GB,buy,OPPO A3X 128GB buy
32,OPPO,A3X 128GB,4GB/128GB,variant,OPPO A3X 128GB 4GB/128GB
33,Infinix,Smart 20 4G,4GB/64GB,model,Infinix Smart 20 4G
33,Infinix,Smart 20 4G,4GB/64GB,price,Infinix Smart 20 4G price
33,Infinix,Smart 20 4G,4GB/64GB,buy,Infinix Smart 20 4G buy
33,Infinix,Smart 20 4G,4GB/64GB,variant,Infinix Smart 20 4G 4GB/64GB
34,OPPO,A5x,4GB/128GB,model,OPPO A5x
34,OPPO,A5x,4GB/128GB,price,OPPO A5x price
34,OPPO,A5x,4GB/128GB,buy,OPPO A5x buy
34,OPPO,A5x,4GB/128GB,variant,OPPO A5x 4GB/128GB
35,Xiaomi/Redmi,Redmi 13 5G,6GB/128GB,model,Xiaomi/Redmi Redmi 13 5G
35,Xiaomi/Redmi,Redmi 13 5G,6GB/128GB,price,Xiaomi/Redmi Redmi 13 5G price
35,Xiaomi/Redmi,Redmi 13 5G,6GB/128GB,buy,Xiaomi/Redmi Redmi 13 5G buy
35,Xiaomi/Redmi,Redmi 13 5G,6GB/128GB,variant,Xiaomi/Redmi Redmi 13 5G 6GB/128GB
36,OPPO,K12x,6GB/128GB,model,OPPO K12x
36,OPPO,K12x,6GB/128GB,price,OPPO K12x price
36,OPPO,K12x,6GB/128GB,buy,OPPO K12x buy
36,OPPO,K12x,6GB/128GB,variant,OPPO K12x 6GB/128GB
37,Lava,Virat V1 5G,4GB/64GB,model,Lava Virat V1 5G
37,Lava,Virat V1 5G,4GB/64GB,price,Lava Virat V1 5G price
37,Lava,Virat V1 5G,4GB/64GB,buy,Lava Virat V1 5G buy
37,Lava,Virat V1 5G,4GB/64GB,variant,Lava Virat V1 5G 4GB/64GB
38,Infinix,Note 50X,6GB/128GB,model,Infinix Note 50X
38,Infinix,Note 50X,6GB/128GB,price,Infinix Note 50X price
38,Infinix,Note 50X,6GB/128GB,buy,Infinix Note 50X buy
38,Infinix,Note 50X,6GB/128GB,variant,Infinix Note 50X 6GB/128GB
39,Lava,Bold N2 5G,4GB/64GB,model,Lava Bold N2 5G
39,Lava,Bold N2 5G,4GB/64GB,price,Lava Bold N2 5G price
39,Lava,Bold N2 5G,4GB/64GB,buy,Lava Bold N2 5G buy
39,Lava,Bold N2 5G,4GB/64GB,variant,Lava Bold N2 5G 4GB/64GB
40,OPPO,A6c 4G,4GB/64GB,model,OPPO A6c 4G
40,OPPO,A6c 4G,4GB/64GB,price,OPPO A6c 4G price
40,OPPO,A6c 4G,4GB/64GB,buy,OPPO A6c 4G buy
40,OPPO,A6c 4G,4GB/64GB,variant,OPPO A6c 4G 4GB/64GB
41,OPPO,A17,4GB/64GB,model,OPPO A17
41,OPPO,A17,4GB/64GB,price,OPPO A17 price
41,OPPO,A17,4GB/64GB,buy,OPPO A17 buy
41,OPPO,A17,4GB/64GB,variant,OPPO A17 4GB/64GB
42,POCO,M7 Pro,6GB/128GB,model,POCO M7 Pro
42,POCO,M7 Pro,6GB/128GB,price,POCO M7 Pro price
42,POCO,M7 Pro,6GB/128GB,buy,POCO M7 Pro buy
42,POCO,M7 Pro,6GB/128GB,variant,POCO M7 Pro 6GB/128GB
43,Lava,Virat V1 Pro 5G,6GB/128GB,model,Lava Virat V1 Pro 5G
43,Lava,Virat V1 Pro 5G,6GB/128GB,price,Lava Virat V1 Pro 5G price
43,Lava,Virat V1 Pro 5G,6GB/128GB,buy,Lava Virat V1 Pro 5G buy
43,Lava,Virat V1 Pro 5G,6GB/128GB,variant,Lava Virat V1 Pro 5G 6GB/128GB
44,realme,P3,6GB/128GB,model,realme P3
44,realme,P3,6GB/128GB,price,realme P3 price
44,realme,P3,6GB/128GB,buy,realme P3 buy
44,realme,P3,6GB/128GB,variant,realme P3 6GB/128GB
45,OPPO,A38,4GB/128GB,model,OPPO A38
45,OPPO,A38,4GB/128GB,price,OPPO A38 price
45,OPPO,A38,4GB/128GB,buy,OPPO A38 buy
45,OPPO,A38,4GB/128GB,variant,OPPO A38 4GB/128GB
46,OPPO,A5 5G,6GB/128GB,model,OPPO A5 5G
46,OPPO,A5 5G,6GB/128GB,price,OPPO A5 5G price
46,OPPO,A5 5G,6GB/128GB,buy,OPPO A5 5G buy
46,OPPO,A5 5G,6GB/128GB,variant,OPPO A5 5G 6GB/128GB
47,vivo,T4X,6GB/128GB,model,vivo T4X
47,vivo,T4X,6GB/128GB,price,vivo T4X price
47,vivo,T4X,6GB/128GB,buy,vivo T4X buy
47,vivo,T4X,6GB/128GB,variant,vivo T4X 6GB/128GB
48,OPPO,K14x 5G,4GB/64GB,model,OPPO K14x 5G
48,OPPO,K14x 5G,4GB/64GB,price,OPPO K14x 5G price
48,OPPO,K14x 5G,4GB/64GB,buy,OPPO K14x 5G buy
48,OPPO,K14x 5G,4GB/64GB,variant,OPPO K14x 5G 4GB/64GB
49,Motorola,Moto G86 Power,8GB/128GB,model,Motorola Moto G86 Power
49,Motorola,Moto G86 Power,8GB/128GB,price,Motorola Moto G86 Power price
49,Motorola,Moto G86 Power,8GB/128GB,buy,Motorola Moto G86 Power buy
49,Motorola,Moto G86 Power,8GB/128GB,variant,Motorola Moto G86 Power 8GB/128GB
50,Tecno,Spark 50 5G,4GB/128GB,model,Tecno Spark 50 5G
50,Tecno,Spark 50 5G,4GB/128GB,price,Tecno Spark 50 5G price
50,Tecno,Spark 50 5G,4GB/128GB,buy,Tecno Spark 50 5G buy
50,Tecno,Spark 50 5G,4GB/128GB,variant,Tecno Spark 50 5G 4GB/128GB
51,iQOO,Z11 Lite 5G,4GB/128GB,model,iQOO Z11 Lite 5G
51,iQOO,Z11 Lite 5G,4GB/128GB,price,iQOO Z11 Lite 5G price
51,iQOO,Z11 Lite 5G,4GB/128GB,buy,iQOO Z11 Lite 5G buy
51,iQOO,Z11 Lite 5G,4GB/128GB,variant,iQOO Z11 Lite 5G 4GB/128GB
52,realme,P4R 5G,4GB/128GB,model,realme P4R 5G
52,realme,P4R 5G,4GB/128GB,price,realme P4R 5G price
52,realme,P4R 5G,4GB/128GB,buy,realme P4R 5G buy
52,realme,P4R 5G,4GB/128GB,variant,realme P4R 5G 4GB/128GB
53,Motorola,Edge 60 Fusion,8GB/128GB,model,Motorola Edge 60 Fusion
53,Motorola,Edge 60 Fusion,8GB/128GB,price,Motorola Edge 60 Fusion price
53,Motorola,Edge 60 Fusion,8GB/128GB,buy,Motorola Edge 60 Fusion buy
53,Motorola,Edge 60 Fusion,8GB/128GB,variant,Motorola Edge 60 Fusion 8GB/128GB
54,OnePlus,N6x 5G,4GB/64GB,model,OnePlus N6x 5G
54,OnePlus,N6x 5G,4GB/64GB,price,OnePlus N6x 5G price
54,OnePlus,N6x 5G,4GB/64GB,buy,OnePlus N6x 5G buy
54,OnePlus,N6x 5G,4GB/64GB,variant,OnePlus N6x 5G 4GB/64GB
55,OPPO,K13 5G,8GB/128GB,model,OPPO K13 5G
55,OPPO,K13 5G,8GB/128GB,price,OPPO K13 5G price
55,OPPO,K13 5G,8GB/128GB,buy,OPPO K13 5G buy
55,OPPO,K13 5G,8GB/128GB,variant,OPPO K13 5G 8GB/128GB
56,POCO,X7 Pro 5G,8GB/256GB,model,POCO X7 Pro 5G
56,POCO,X7 Pro 5G,8GB/256GB,price,POCO X7 Pro 5G price
56,POCO,X7 Pro 5G,8GB/256GB,buy,POCO X7 Pro 5G buy
56,POCO,X7 Pro 5G,8GB/256GB,variant,POCO X7 Pro 5G 8GB/256GB
57,Xiaomi/Redmi,Redmi 17 5G,6GB/128GB,model,Xiaomi/Redmi Redmi 17 5G
57,Xiaomi/Redmi,Redmi 17 5G,6GB/128GB,price,Xiaomi/Redmi Redmi 17 5G price
57,Xiaomi/Redmi,Redmi 17 5G,6GB/128GB,buy,Xiaomi/Redmi Redmi 17 5G buy
57,Xiaomi/Redmi,Redmi 17 5G,6GB/128GB,variant,Xiaomi/Redmi Redmi 17 5G 6GB/128GB
58,POCO,M8 Power 5G,,model,POCO M8 Power 5G
58,POCO,M8 Power 5G,,price,POCO M8 Power 5G price
58,POCO,M8 Power 5G,,buy,POCO M8 Power 5G buy
59,Infinix,Hot 70 Pro 5G,6GB/128GB,model,Infinix Hot 70 Pro 5G
59,Infinix,Hot 70 Pro 5G,6GB/128GB,price,Infinix Hot 70 Pro 5G price
59,Infinix,Hot 70 Pro 5G,6GB/128GB,buy,Infinix Hot 70 Pro 5G buy
59,Infinix,Hot 70 Pro 5G,6GB/128GB,variant,Infinix Hot 70 Pro 5G 6GB/128GB
60,Lava,Blaze Duo 3,6GB/128GB,model,Lava Blaze Duo 3
60,Lava,Blaze Duo 3,6GB/128GB,price,Lava Blaze Duo 3 price
60,Lava,Blaze Duo 3,6GB/128GB,buy,Lava Blaze Duo 3 buy
60,Lava,Blaze Duo 3,6GB/128GB,variant,Lava Blaze Duo 3 6GB/128GB
61,Nothing,Phone 3a,8GB/128GB,model,Nothing Phone 3a
61,Nothing,Phone 3a,8GB/128GB,price,Nothing Phone 3a price
61,Nothing,Phone 3a,8GB/128GB,buy,Nothing Phone 3a buy
61,Nothing,Phone 3a,8GB/128GB,variant,Nothing Phone 3a 8GB/128GB
62,OnePlus,N6 5G,4GB/128GB,model,OnePlus N6 5G
62,OnePlus,N6 5G,4GB/128GB,price,OnePlus N6 5G price
62,OnePlus,N6 5G,4GB/128GB,buy,OnePlus N6 5G buy
62,OnePlus,N6 5G,4GB/128GB,variant,OnePlus N6 5G 4GB/128GB
63,realme,16x 5G,4GB/128GB,model,realme 16x 5G
63,realme,16x 5G,4GB/128GB,price,realme 16x 5G price
63,realme,16x 5G,4GB/128GB,buy,realme 16x 5G buy
63,realme,16x 5G,4GB/128GB,variant,realme 16x 5G 4GB/128GB
64,Samsung,Galaxy F70 Pro 5G,6GB/128GB,model,Samsung Galaxy F70 Pro 5G
64,Samsung,Galaxy F70 Pro 5G,6GB/128GB,price,Samsung Galaxy F70 Pro 5G price
64,Samsung,Galaxy F70 Pro 5G,6GB/128GB,buy,Samsung Galaxy F70 Pro 5G buy
64,Samsung,Galaxy F70 Pro 5G,6GB/128GB,variant,Samsung Galaxy F70 Pro 5G 6GB/128GB
65,Tecno,Pova Curve 2,8GB/128GB,model,Tecno Pova Curve 2
65,Tecno,Pova Curve 2,8GB/128GB,price,Tecno Pova Curve 2 price
65,Tecno,Pova Curve 2,8GB/128GB,buy,Tecno Pova Curve 2 buy
65,Tecno,Pova Curve 2,8GB/128GB,variant,Tecno Pova Curve 2 8GB/128GB
66,vivo,T5x,6GB/128GB,model,vivo T5x
66,vivo,T5x,6GB/128GB,price,vivo T5x price
66,vivo,T5x,6GB/128GB,buy,vivo T5x buy
66,vivo,T5x,6GB/128GB,variant,vivo T5x 6GB/128GB
67,Nothing,Phone 3a Pro,8GB/128GB,model,Nothing Phone 3a Pro
67,Nothing,Phone 3a Pro,8GB/128GB,price,Nothing Phone 3a Pro price
67,Nothing,Phone 3a Pro,8GB/128GB,buy,Nothing Phone 3a Pro buy
67,Nothing,Phone 3a Pro,8GB/128GB,variant,Nothing Phone 3a Pro 8GB/128GB
68,Xiaomi/Redmi,Redmi Note 17 5G,6GB/128GB,model,Xiaomi/Redmi Redmi Note 17 5G
68,Xiaomi/Redmi,Redmi Note 17 5G,6GB/128GB,price,Xiaomi/Redmi Redmi Note 17 5G price
68,Xiaomi/Redmi,Redmi Note 17 5G,6GB/128GB,buy,Xiaomi/Redmi Redmi Note 17 5G buy
68,Xiaomi/Redmi,Redmi Note 17 5G,6GB/128GB,variant,Xiaomi/Redmi Redmi Note 17 5G 6GB/128GB
69,iQOO,Z11x,6GB/128GB,model,iQOO Z11x
69,iQOO,Z11x,6GB/128GB,price,iQOO Z11x price
69,iQOO,Z11x,6GB/128GB,buy,iQOO Z11x buy
69,iQOO,Z11x,6GB/128GB,variant,iQOO Z11x 6GB/128GB
70,OnePlus,Nord CE 6 Lite 5G,6GB/128GB,model,OnePlus Nord CE 6 Lite 5G
70,OnePlus,Nord CE 6 Lite 5G,6GB/128GB,price,OnePlus Nord CE 6 Lite 5G price
70,OnePlus,Nord CE 6 Lite 5G,6GB/128GB,buy,OnePlus Nord CE 6 Lite 5G buy
70,OnePlus,Nord CE 6 Lite 5G,6GB/128GB,variant,OnePlus Nord CE 6 Lite 5G 6GB/128GB
71,Xiaomi/Redmi,Redmi Note 15,8GB/128GB,model,Xiaomi/Redmi Redmi Note 15
71,Xiaomi/Redmi,Redmi Note 15,8GB/128GB,price,Xiaomi/Redmi Redmi Note 15 price
71,Xiaomi/Redmi,Redmi Note 15,8GB/128GB,buy,Xiaomi/Redmi Redmi Note 15 buy
71,Xiaomi/Redmi,Redmi Note 15,8GB/128GB,variant,Xiaomi/Redmi Redmi Note 15 8GB/128GB
72,realme,P4 Pro,8GB/128GB,model,realme P4 Pro
72,realme,P4 Pro,8GB/128GB,price,realme P4 Pro price
72,realme,P4 Pro,8GB/128GB,buy,realme P4 Pro buy
72,realme,P4 Pro,8GB/128GB,variant,realme P4 Pro 8GB/128GB
73,Motorola,Edge 70 Fusion,8GB/128GB,model,Motorola Edge 70 Fusion
73,Motorola,Edge 70 Fusion,8GB/128GB,price,Motorola Edge 70 Fusion price
73,Motorola,Edge 70 Fusion,8GB/128GB,buy,Motorola Edge 70 Fusion buy
73,Motorola,Edge 70 Fusion,8GB/128GB,variant,Motorola Edge 70 Fusion 8GB/128GB
74,Tecno,Pova 8 5G,6GB/128GB,model,Tecno Pova 8 5G
74,Tecno,Pova 8 5G,6GB/128GB,price,Tecno Pova 8 5G price
74,Tecno,Pova 8 5G,6GB/128GB,buy,Tecno Pova 8 5G buy
74,Tecno,Pova 8 5G,6GB/128GB,variant,Tecno Pova 8 5G 6GB/128GB
75,Motorola,Edge 60 Pro,8GB/256GB,model,Motorola Edge 60 Pro
75,Motorola,Edge 60 Pro,8GB/256GB,price,Motorola Edge 60 Pro price
75,Motorola,Edge 60 Pro,8GB/256GB,buy,Motorola Edge 60 Pro buy
75,Motorola,Edge 60 Pro,8GB/256GB,variant,Motorola Edge 60 Pro 8GB/256GB
76,realme,P4 Power,8GB/128GB,model,realme P4 Power
76,realme,P4 Power,8GB/128GB,price,realme P4 Power price
76,realme,P4 Power,8GB/128GB,buy,realme P4 Power buy
76,realme,P4 Power,8GB/128GB,variant,realme P4 Power 8GB/128GB
77,Google,Pixel 7A,8GB/128GB,model,Google Pixel 7A
77,Google,Pixel 7A,8GB/128GB,price,Google Pixel 7A price
77,Google,Pixel 7A,8GB/128GB,buy,Google Pixel 7A buy
77,Google,Pixel 7A,8GB/128GB,variant,Google Pixel 7A 8GB/128GB
78,Lava,Agni 4,8GB/256GB,model,Lava Agni 4
78,Lava,Agni 4,8GB/256GB,price,Lava Agni 4 price
78,Lava,Agni 4,8GB/256GB,buy,Lava Agni 4 buy
78,Lava,Agni 4,8GB/256GB,variant,Lava Agni 4 8GB/256GB
79,OPPO,A6 Pro,8GB/128GB,model,OPPO A6 Pro
79,OPPO,A6 Pro,8GB/128GB,price,OPPO A6 Pro price
79,OPPO,A6 Pro,8GB/128GB,buy,OPPO A6 Pro buy
79,OPPO,A6 Pro,8GB/128GB,variant,OPPO A6 Pro 8GB/128GB
80,Samsung,Galaxy M47 5G,6GB/128GB,model,Samsung Galaxy M47 5G
80,Samsung,Galaxy M47 5G,6GB/128GB,price,Samsung Galaxy M47 5G price
80,Samsung,Galaxy M47 5G,6GB/128GB,buy,Samsung Galaxy M47 5G buy
80,Samsung,Galaxy M47 5G,6GB/128GB,variant,Samsung Galaxy M47 5G 6GB/128GB
81,Nothing,Phone 4b,8GB/128GB,model,Nothing Phone 4b
81,Nothing,Phone 4b,8GB/128GB,price,Nothing Phone 4b price
81,Nothing,Phone 4b,8GB/128GB,buy,Nothing Phone 4b buy
81,Nothing,Phone 4b,8GB/128GB,variant,Nothing Phone 4b 8GB/128GB
82,Motorola,Edge 70,8GB/256GB,model,Motorola Edge 70
82,Motorola,Edge 70,8GB/256GB,price,Motorola Edge 70 price
82,Motorola,Edge 70,8GB/256GB,buy,Motorola Edge 70 buy
82,Motorola,Edge 70,8GB/256GB,variant,Motorola Edge 70 8GB/256GB
83,Infinix,GT 30 Pro,8GB/256GB,model,Infinix GT 30 Pro
83,Infinix,GT 30 Pro,8GB/256GB,price,Infinix GT 30 Pro price
83,Infinix,GT 30 Pro,8GB/256GB,buy,Infinix GT 30 Pro buy
83,Infinix,GT 30 Pro,8GB/256GB,variant,Infinix GT 30 Pro 8GB/256GB
84,OPPO,F33 Pro 5G,8GB/128GB,model,OPPO F33 Pro 5G
84,OPPO,F33 Pro 5G,8GB/128GB,price,OPPO F33 Pro 5G price
84,OPPO,F33 Pro 5G,8GB/128GB,buy,OPPO F33 Pro 5G buy
84,OPPO,F33 Pro 5G,8GB/128GB,variant,OPPO F33 Pro 5G 8GB/128GB
85,OPPO,F31,8GB/128GB,model,OPPO F31
85,OPPO,F31,8GB/128GB,price,OPPO F31 price
85,OPPO,F31,8GB/128GB,buy,OPPO F31 buy
85,OPPO,F31,8GB/128GB,variant,OPPO F31 8GB/128GB
86,OPPO,F31 Pro Plus,8GB/256GB,model,OPPO F31 Pro Plus
86,OPPO,F31 Pro Plus,8GB/256GB,price,OPPO F31 Pro Plus price
86,OPPO,F31 Pro Plus,8GB/256GB,buy,OPPO F31 Pro Plus buy
86,OPPO,F31 Pro Plus,8GB/256GB,variant,OPPO F31 Pro Plus 8GB/256GB
87,OPPO,Reno12,8GB/256GB,model,OPPO Reno12
87,OPPO,Reno12,8GB/256GB,price,OPPO Reno12 price
87,OPPO,Reno12,8GB/256GB,buy,OPPO Reno12 buy
87,OPPO,Reno12,8GB/256GB,variant,OPPO Reno12 8GB/256GB
88,POCO,X7 Pro,8GB/256GB,model,POCO X7 Pro
88,POCO,X7 Pro,8GB/256GB,price,POCO X7 Pro price
88,POCO,X7 Pro,8GB/256GB,buy,POCO X7 Pro buy
88,POCO,X7 Pro,8GB/256GB,variant,POCO X7 Pro 8GB/256GB
89,OPPO,K13 Turbo 5G,8GB/128GB,model,OPPO K13 Turbo 5G
89,OPPO,K13 Turbo 5G,8GB/128GB,price,OPPO K13 Turbo 5G price
89,OPPO,K13 Turbo 5G,8GB/128GB,buy,OPPO K13 Turbo 5G buy
89,OPPO,K13 Turbo 5G,8GB/128GB,variant,OPPO K13 Turbo 5G 8GB/128GB
90,Infinix,Note 60 Pro 5G,8GB/128GB,model,Infinix Note 60 Pro 5G
90,Infinix,Note 60 Pro 5G,8GB/128GB,price,Infinix Note 60 Pro 5G price
90,Infinix,Note 60 Pro 5G,8GB/128GB,buy,Infinix Note 60 Pro 5G buy
90,Infinix,Note 60 Pro 5G,8GB/128GB,variant,Infinix Note 60 Pro 5G 8GB/128GB
91,iQOO,Z11 5G,6GB/128GB,model,iQOO Z11 5G
91,iQOO,Z11 5G,6GB/128GB,price,iQOO Z11 5G price
91,iQOO,Z11 5G,6GB/128GB,buy,iQOO Z11 5G buy
91,iQOO,Z11 5G,6GB/128GB,variant,iQOO Z11 5G 6GB/128GB
92,realme,P4s 5G,8GB/128GB,model,realme P4s 5G
92,realme,P4s 5G,8GB/128GB,price,realme P4s 5G price
92,realme,P4s 5G,8GB/128GB,buy,realme P4s 5G buy
92,realme,P4s 5G,8GB/128GB,variant,realme P4s 5G 8GB/128GB
93,vivo,T5 5G,6GB/128GB,model,vivo T5 5G
93,vivo,T5 5G,6GB/128GB,price,vivo T5 5G price
93,vivo,T5 5G,6GB/128GB,buy,vivo T5 5G buy
93,vivo,T5 5G,6GB/128GB,variant,vivo T5 5G 6GB/128GB
94,POCO,X8 Power 5G,8GB/128GB,model,POCO X8 Power 5G
94,POCO,X8 Power 5G,8GB/128GB,price,POCO X8 Power 5G price
94,POCO,X8 Power 5G,8GB/128GB,buy,POCO X8 Power 5G buy
94,POCO,X8 Power 5G,8GB/128GB,variant,POCO X8 Power 5G 8GB/128GB
95,vivo,T5 Pro,8GB/128GB,model,vivo T5 Pro
95,vivo,T5 Pro,8GB/128GB,price,vivo T5 Pro price
95,vivo,T5 Pro,8GB/128GB,buy,vivo T5 Pro buy
95,vivo,T5 Pro,8GB/128GB,variant,vivo T5 Pro 8GB/128GB
96,OnePlus,Nord CE 6 5G,8GB/128GB,model,OnePlus Nord CE 6 5G
96,OnePlus,Nord CE 6 5G,8GB/128GB,price,OnePlus Nord CE 6 5G price
96,OnePlus,Nord CE 6 5G,8GB/128GB,buy,OnePlus Nord CE 6 5G buy
96,OnePlus,Nord CE 6 5G,8GB/128GB,variant,OnePlus Nord CE 6 5G 8GB/128GB
97,Samsung,Galaxy A37 5G,8GB/128GB,model,Samsung Galaxy A37 5G
97,Samsung,Galaxy A37 5G,8GB/128GB,price,Samsung Galaxy A37 5G price
97,Samsung,Galaxy A37 5G,8GB/128GB,buy,Samsung Galaxy A37 5G buy
97,Samsung,Galaxy A37 5G,8GB/128GB,variant,Samsung Galaxy A37 5G 8GB/128GB
98,Tecno,Camon 50 Ultra,8GB/256GB,model,Tecno Camon 50 Ultra
98,Tecno,Camon 50 Ultra,8GB/256GB,price,Tecno Camon 50 Ultra price
98,Tecno,Camon 50 Ultra,8GB/256GB,buy,Tecno Camon 50 Ultra buy
98,Tecno,Camon 50 Ultra,8GB/256GB,variant,Tecno Camon 50 Ultra 8GB/256GB
99,vivo,S2 5G,8GB/128GB,model,vivo S2 5G
99,vivo,S2 5G,8GB/128GB,price,vivo S2 5G price
99,vivo,S2 5G,8GB/128GB,buy,vivo S2 5G buy
99,vivo,S2 5G,8GB/128GB,variant,vivo S2 5G 8GB/128GB
100,Xiaomi/Redmi,Redmi Turbo 5,8GB/256GB,model,Xiaomi/Redmi Redmi Turbo 5
100,Xiaomi/Redmi,Redmi Turbo 5,8GB/256GB,price,Xiaomi/Redmi Redmi Turbo 5 price
100,Xiaomi/Redmi,Redmi Turbo 5,8GB/256GB,buy,Xiaomi/Redmi Redmi Turbo 5 buy
100,Xiaomi/Redmi,Redmi Turbo 5,8GB/256GB,variant,Xiaomi/Redmi Redmi Turbo 5 8GB/256GB
101,Nothing,Phone 4a Pro,8GB/128GB,model,Nothing Phone 4a Pro
101,Nothing,Phone 4a Pro,8GB/128GB,price,Nothing Phone 4a Pro price
101,Nothing,Phone 4a Pro,8GB/128GB,buy,Nothing Phone 4a Pro buy
101,Nothing,Phone 4a Pro,8GB/128GB,variant,Nothing Phone 4a Pro 8GB/128GB
102,OPPO,Reno14,8GB/256GB,model,OPPO Reno14
102,OPPO,Reno14,8GB/256GB,price,OPPO Reno14 price
102,OPPO,Reno14,8GB/256GB,buy,OPPO Reno14 buy
102,OPPO,Reno14,8GB/256GB,variant,OPPO Reno14 8GB/256GB
103,vivo,V70 Elite,8GB/256GB,model,vivo V70 Elite
103,vivo,V70 Elite,8GB/256GB,price,vivo V70 Elite price
103,vivo,V70 Elite,8GB/256GB,buy,vivo V70 Elite buy
103,vivo,V70 Elite,8GB/256GB,variant,vivo V70 Elite 8GB/256GB
104,iQOO,Neo 10,8GB/128GB,model,iQOO Neo 10
104,iQOO,Neo 10,8GB/128GB,price,iQOO Neo 10 price
104,iQOO,Neo 10,8GB/128GB,buy,iQOO Neo 10 buy
104,iQOO,Neo 10,8GB/128GB,variant,iQOO Neo 10 8GB/128GB
105,OnePlus,Nord 6,8GB/256GB,model,OnePlus Nord 6
105,OnePlus,Nord 6,8GB/256GB,price,OnePlus Nord 6 price
105,OnePlus,Nord 6,8GB/256GB,buy,OnePlus Nord 6 buy
105,OnePlus,Nord 6,8GB/256GB,variant,OnePlus Nord 6 8GB/256GB
106,Samsung,Galaxy S25 FE,8GB/128GB,model,Samsung Galaxy S25 FE
106,Samsung,Galaxy S25 FE,8GB/128GB,price,Samsung Galaxy S25 FE price
106,Samsung,Galaxy S25 FE,8GB/128GB,buy,Samsung Galaxy S25 FE buy
106,Samsung,Galaxy S25 FE,8GB/128GB,variant,Samsung Galaxy S25 FE 8GB/128GB
107,POCO,X8 Pro Max,12GB/256GB,model,POCO X8 Pro Max
107,POCO,X8 Pro Max,12GB/256GB,price,POCO X8 Pro Max price
107,POCO,X8 Pro Max,12GB/256GB,buy,POCO X8 Pro Max buy
107,POCO,X8 Pro Max,12GB/256GB,variant,POCO X8 Pro Max 12GB/256GB
108,OPPO,Reno16c 5G,8GB/256GB,model,OPPO Reno16c 5G
108,OPPO,Reno16c 5G,8GB/256GB,price,OPPO Reno16c 5G price
108,OPPO,Reno16c 5G,8GB/256GB,buy,OPPO Reno16c 5G buy
108,OPPO,Reno16c 5G,8GB/256GB,variant,OPPO Reno16c 5G 8GB/256GB
109,Tecno,Pova 8 Pro 5G,8GB/256GB,model,Tecno Pova 8 Pro 5G
109,Tecno,Pova 8 Pro 5G,8GB/256GB,price,Tecno Pova 8 Pro 5G price
109,Tecno,Pova 8 Pro 5G,8GB/256GB,buy,Tecno Pova 8 Pro 5G buy
109,Tecno,Pova 8 Pro 5G,8GB/256GB,variant,Tecno Pova 8 Pro 5G 8GB/256GB
110,Nothing,Phone 3,12GB/256GB,model,Nothing Phone 3
110,Nothing,Phone 3,12GB/256GB,price,Nothing Phone 3 price
110,Nothing,Phone 3,12GB/256GB,buy,Nothing Phone 3 buy
110,Nothing,Phone 3,12GB/256GB,variant,Nothing Phone 3 12GB/256GB
111,Google,Pixel 10A,8GB/256GB,model,Google Pixel 10A
111,Google,Pixel 10A,8GB/256GB,price,Google Pixel 10A price
111,Google,Pixel 10A,8GB/256GB,buy,Google Pixel 10A buy
111,Google,Pixel 10A,8GB/256GB,variant,Google Pixel 10A 8GB/256GB
112,iQOO,15R,8GB/256GB,model,iQOO 15R
112,iQOO,15R,8GB/256GB,price,iQOO 15R price
112,iQOO,15R,8GB/256GB,buy,iQOO 15R buy
112,iQOO,15R,8GB/256GB,variant,iQOO 15R 8GB/256GB
113,OnePlus,13s,12GB/256GB,model,OnePlus 13s
113,OnePlus,13s,12GB/256GB,price,OnePlus 13s price
113,OnePlus,13s,12GB/256GB,buy,OnePlus 13s buy
113,OnePlus,13s,12GB/256GB,variant,OnePlus 13s 12GB/256GB
114,Samsung,Galaxy A57 5G,8GB/256GB,model,Samsung Galaxy A57 5G
114,Samsung,Galaxy A57 5G,8GB/256GB,price,Samsung Galaxy A57 5G price
114,Samsung,Galaxy A57 5G,8GB/256GB,buy,Samsung Galaxy A57 5G buy
114,Samsung,Galaxy A57 5G,8GB/256GB,variant,Samsung Galaxy A57 5G 8GB/256GB
115,Samsung,Galaxy S24 5G,8GB/256GB,model,Samsung Galaxy S24 5G
115,Samsung,Galaxy S24 5G,8GB/256GB,price,Samsung Galaxy S24 5G price
115,Samsung,Galaxy S24 5G,8GB/256GB,buy,Samsung Galaxy S24 5G buy
115,Samsung,Galaxy S24 5G,8GB/256GB,variant,Samsung Galaxy S24 5G 8GB/256GB
116,OnePlus,15R,12GB/256GB,model,OnePlus 15R
116,OnePlus,15R,12GB/256GB,price,OnePlus 15R price
116,OnePlus,15R,12GB/256GB,buy,OnePlus 15R buy
116,OnePlus,15R,12GB/256GB,variant,OnePlus 15R 12GB/256GB
117,OnePlus,13,12GB/256GB,model,OnePlus 13
117,OnePlus,13,12GB/256GB,price,OnePlus 13 price
117,OnePlus,13,12GB/256GB,buy,OnePlus 13 buy
117,OnePlus,13,12GB/256GB,variant,OnePlus 13 12GB/256GB
118,OPPO,Reno16 5G,8GB/256GB,model,OPPO Reno16 5G
118,OPPO,Reno16 5G,8GB/256GB,price,OPPO Reno16 5G price
118,OPPO,Reno16 5G,8GB/256GB,buy,OPPO Reno16 5G buy
118,OPPO,Reno16 5G,8GB/256GB,variant,OPPO Reno16 5G 8GB/256GB
119,OnePlus,15R 16GB 512GB,16GB/512GB,model,OnePlus 15R 16GB 512GB
119,OnePlus,15R 16GB 512GB,16GB/512GB,price,OnePlus 15R 16GB 512GB price
119,OnePlus,15R 16GB 512GB,16GB/512GB,buy,OnePlus 15R 16GB 512GB buy
119,OnePlus,15R 16GB 512GB,16GB/512GB,variant,OnePlus 15R 16GB 512GB 16GB/512GB
120,Google,Pixel 10,12GB/256GB,model,Google Pixel 10
120,Google,Pixel 10,12GB/256GB,price,Google Pixel 10 price
120,Google,Pixel 10,12GB/256GB,buy,Google Pixel 10 buy
120,Google,Pixel 10,12GB/256GB,variant,Google Pixel 10 12GB/256GB
121,iQOO,15,12GB/256GB,model,iQOO 15
121,iQOO,15,12GB/256GB,price,iQOO 15 price
121,iQOO,15,12GB/256GB,buy,iQOO 15 buy
121,iQOO,15,12GB/256GB,variant,iQOO 15 12GB/256GB
122,Google,Pixel 11,12GB/256GB,model,Google Pixel 11
122,Google,Pixel 11,12GB/256GB,price,Google Pixel 11 price
122,Google,Pixel 11,12GB/256GB,buy,Google Pixel 11 buy
122,Google,Pixel 11,12GB/256GB,variant,Google Pixel 11 12GB/256GB
123,OPPO,Find X9 5G,12GB/256GB,model,OPPO Find X9 5G
123,OPPO,Find X9 5G,12GB/256GB,price,OPPO Find X9 5G price
123,OPPO,Find X9 5G,12GB/256GB,buy,OPPO Find X9 5G buy
123,OPPO,Find X9 5G,12GB/256GB,variant,OPPO Find X9 5G 12GB/256GB
124,OnePlus,15,12GB/256GB,model,OnePlus 15
124,OnePlus,15,12GB/256GB,price,OnePlus 15 price
124,OnePlus,15,12GB/256GB,buy,OnePlus 15 buy
124,OnePlus,15,12GB/256GB,variant,OnePlus 15 12GB/256GB
125,Google,Pixel 11 Pro,12GB/256GB,model,Google Pixel 11 Pro
125,Google,Pixel 11 Pro,12GB/256GB,price,Google Pixel 11 Pro price
125,Google,Pixel 11 Pro,12GB/256GB,buy,Google Pixel 11 Pro buy
125,Google,Pixel 11 Pro,12GB/256GB,variant,Google Pixel 11 Pro 12GB/256GB
126,Samsung,Galaxy S26 Ultra,12GB/256GB,model,Samsung Galaxy S26 Ultra
126,Samsung,Galaxy S26 Ultra,12GB/256GB,price,Samsung Galaxy S26 Ultra price
126,Samsung,Galaxy S26 Ultra,12GB/256GB,buy,Samsung Galaxy S26 Ultra buy
126,Samsung,Galaxy S26 Ultra,12GB/256GB,variant,Samsung Galaxy S26 Ultra 12GB/256GB
